image_name,hog_1,hog_2,hog_3,hog_4,hog_5,hog_6,hog_7,hog_8,hog_9,hog_10,hog_11,hog_12,hog_13,hog_14,hog_15,hog_16,hog_17,hog_18,hog_19,hog_20,hog_21,hog_22,hog_23,hog_24,hog_25,hog_26,hog_27,hog_28,hog_29,hog_30,hog_31,hog_32,hog_33,hog_34,hog_35,hog_36,hog_37,hog_38,hog_39,hog_40,hog_41,hog_42,hog_43,hog_44,hog_45,hog_46,hog_47,hog_48,hog_49,hog_50,label
IMG_4033.jpg,0.15998578071594238,0.12269801646471024,0.1784978210926056,0.06571654230356216,0.09760866314172745,0.14509761333465576,0.14233669638633728,0.10767454653978348,0.10849152505397797,0.1340285986661911,0.11206409335136414,0.12415581941604614,0.08815138787031174,0.1199846938252449,0.1536000519990921,0.2266242355108261,0.17167280614376068,0.18957842886447906,0.1897771954536438,0.1971954107284546,0.2266242355108261,0.0698581412434578,0.13387270271778107,0.19220852851867676,0.2266242355108261,0.18761879205703735,0.2060249298810959,0.21885454654693604,0.15866480767726898,0.13454891741275787,0.1120452880859375,0.1185656189918518,0.2266242355108261,0.2266242355108261,0.2266242355108261,0.2266242355108261,0.10165535658597946,0.09662964940071106,0.050800323486328125,0.08406806737184525,0.12554238736629486,0.160252183675766,0.20053532719612122,0.19735485315322876,0.19006824493408203,0.12763290107250214,0.11514339596033096,0.0730791911482811,0.17163892090320587,0.19653776288032532,000
IMG_4034.jpg,0.11923309415578842,0.13807255029678345,0.13725924491882324,0.12619560956954956,0.1309369057416916,0.1500692516565323,0.12954391539096832,0.07274939119815826,0.1325823962688446,0.05979316309094429,0.10472655296325684,0.05502491444349289,0.07758170366287231,0.1856934130191803,0.21925976872444153,0.21925976872444153,0.1840791255235672,0.21925976872444153,0.13879895210266113,0.1573733538389206,0.18017427623271942,0.20633858442306519,0.14130690693855286,0.21925976872444153,0.21925976872444153,0.17214757204055786,0.14444586634635925,0.1376906782388687,0.19739192724227905,0.11471227556467056,0.21242710947990417,0.17470669746398926,0.2080790102481842,0.21925976872444153,0.21925976872444153,0.20591728389263153,0.07301416248083115,0.04883110150694847,0.04164770990610123,0.055922310799360275,0.1240910068154335,0.17829258739948273,0.1934339702129364,0.21392446756362915,0.165437713265419,0.14315550029277802,0.058968737721443176,0.0790352150797844,0.12192261964082718,0.1749122589826584,000
IMG_4035.jpg,0.15937305986881256,0.06652496010065079,0.16587983071804047,0.19127288460731506,0.12843962013721466,0.05266719311475754,0.10278238356113434,0.09641720354557037,0.13366594910621643,0.09302154183387756,0.07084596902132034,0.13221196830272675,0.13141034543514252,0.14784815907478333,0.12287112325429916,0.18732264637947083,0.15552130341529846,0.1718137264251709,0.22222371399402618,0.16009734570980072,0.22222371399402618,0.14533384144306183,0.10621237009763718,0.1538802832365036,0.20208999514579773,0.20279765129089355,0.22222371399402618,0.1530398577451706,0.17098934948444366,0.22222371399402618,0.18435537815093994,0.16518938541412354,0.22222371399402618,0.22222371399402618,0.22222371399402618,0.22222371399402618,0.08131196349859238,0.056421659886837006,0.09146169573068619,0.04827892780303955,0.14947669208049774,0.18781788647174835,0.20167268812656403,0.10902055352926254,0.1900705099105835,0.13296228647232056,0.1324247121810913,0.17673583328723907,0.13526511192321777,0.2194351702928543,000
IMG_4036.jpg,0.13732832670211792,0.1614852100610733,0.1954713761806488,0.1746068298816681,0.08703964948654175,0.08203484117984772,0.10094349086284637,0.08540760725736618,0.11840123683214188,0.0857822597026825,0.1646457016468048,0.15006573498249054,0.15160831809043884,0.14550119638442993,0.13901542127132416,0.1480618566274643,0.20614834129810333,0.19060185551643372,0.17147015035152435,0.1389019936323166,0.1257031410932541,0.20308540761470795,0.20071767270565033,0.16847935318946838,0.2154693603515625,0.14036694169044495,0.20627285540103912,0.14371904730796814,0.17103146016597748,0.1726837307214737,0.1491142362356186,0.2154693603515625,0.2154693603515625,0.2154693603515625,0.2154693603515625,0.2154693603515625,0.09287405014038086,0.08536901324987411,0.06526553630828857,0.07699229568243027,0.09408793598413467,0.16960357129573822,0.1677500307559967,0.2149953842163086,0.20364390313625336,0.15106309950351715,0.1111336499452591,0.07664524018764496,0.10170198231935501,0.17414841055870056,000
IMG_4037.jpg,0.11527969688177109,0.1415080577135086,0.10780937969684601,0.10938519239425659,0.12535826861858368,0.13673776388168335,0.13003753125667572,0.14815613627433777,0.124215267598629,0.12039954215288162,0.14027652144432068,0.18397782742977142,0.09481915831565857,0.13018041849136353,0.15901526808738708,0.13704435527324677,0.22004614770412445,0.1785186380147934,0.1478336751461029,0.13324014842510223,0.2057294249534607,0.1569308042526245,0.22004614770412445,0.1699495017528534,0.22004614770412445,0.16115795075893402,0.16923470795154572,0.2186872512102127,0.11379379779100418,0.22004614770412445,0.1443956345319748,0.19550928473472595,0.19392213225364685,0.22004614770412445,0.22004614770412445,0.21041178703308105,0.08175747841596603,0.14317120611667633,0.1536402404308319,0.07848872244358063,0.05200590938329697,0.11822539567947388,0.1425054520368576,0.22534404695034027,0.16293221712112427,0.09444749355316162,0.1568841189146042,0.1283053606748581,0.12128111720085144,0.13841195404529572,000
IMG_4038.jpg,0.16506102681159973,0.20389004051685333,0.1103304922580719,0.12924377620220184,0.1601199209690094,0.11506912112236023,0.07713509351015091,0.08322108536958694,0.11772733926773071,0.1598726511001587,0.19742323458194733,0.0890352800488472,0.11748362332582474,0.14246906340122223,0.18641424179077148,0.1676606982946396,0.20104354619979858,0.14014223217964172,0.13655155897140503,0.13442297279834747,0.1161433756351471,0.11500219255685806,0.20538808405399323,0.1824142336845398,0.20926335453987122,0.19169007241725922,0.22212480008602142,0.1675368696451187,0.13936759531497955,0.15865303575992584,0.1374606490135193,0.22212480008602142,0.21750856935977936,0.22212480008602142,0.22212480008602142,0.22212480008602142,0.13074758648872375,0.08326876908540726,0.07268579304218292,0.14492082595825195,0.11119524389505386,0.1523970514535904,0.14432072639465332,0.18793490529060364,0.16796976327896118,0.18108239769935608,0.08231870830059052,0.05941165238618851,0.18999765813350677,0.21199984848499298,000
IMG_4039.jpg,0.09077572822570801,0.11844464391469955,0.16534720361232758,0.090419702231884,0.20747625827789307,0.14263029396533966,0.11539880931377411,0.1308039277791977,0.12681393325328827,0.08946246653795242,0.1816336214542389,0.13124895095825195,0.08956526219844818,0.22191400825977325,0.17914418876171112,0.16619914770126343,0.22191400825977325,0.154727041721344,0.1141090914607048,0.13075347244739532,0.13222718238830566,0.17823472619056702,0.22191400825977325,0.22191400825977325,0.22191400825977325,0.13230234384536743,0.12981154024600983,0.12423534691333771,0.21587823331356049,0.17265084385871887,0.13021808862686157,0.22191400825977325,0.21098913252353668,0.22191400825977325,0.22191400825977325,0.1385331153869629,0.07697001844644547,0.12444895505905151,0.0814262256026268,0.08817185461521149,0.19029076397418976,0.12036658823490143,0.15668268501758575,0.227497860789299,0.12979350984096527,0.1851215809583664,0.17640207707881927,0.12786488234996796,0.11642219871282578,0.227497860789299,000
IMG_4040.jpg,0.13733351230621338,0.21526817977428436,0.1571435034275055,0.14758853614330292,0.16371551156044006,0.06921828538179398,0.09016155451536179,0.08488302677869797,0.08596088737249374,0.17396299540996552,0.21526817977428436,0.09143657982349396,0.11866796761751175,0.20066049695014954,0.12952885031700134,0.19389106333255768,0.1625034660100937,0.1349305361509323,0.2056117206811905,0.17418624460697174,0.17114174365997314,0.15432795882225037,0.16394682228565216,0.11132107675075531,0.21526817977428436,0.17317363619804382,0.13119012117385864,0.21526817977428436,0.21526817977428436,0.14136846363544464,0.13595940172672272,0.21526817977428436,0.1814134120941162,0.21526817977428436,0.21041446924209595,0.1844077706336975,0.16352297365665436,0.14909982681274414,0.037669695913791656,0.10467948019504547,0.12677854299545288,0.14793741703033447,0.2130817174911499,0.2130817174911499,0.16332633793354034,0.12007543444633484,0.14144372940063477,0.04898390918970108,0.1498880237340927,0.1693897694349289,000
IMG_4041.jpg,0.19973847270011902,0.14645126461982727,0.15409749746322632,0.14357340335845947,0.15309983491897583,0.08169014751911163,0.14831745624542236,0.06509450078010559,0.16726480424404144,0.1409425437450409,0.14053715765476227,0.16271916031837463,0.19884845614433289,0.10686557739973068,0.12992531061172485,0.21507005393505096,0.15831398963928223,0.1612919121980667,0.21507005393505096,0.1030111014842987,0.09892183542251587,0.13052965700626373,0.19369874894618988,0.16649511456489563,0.18982051312923431,0.16313016414642334,0.20272938907146454,0.20221400260925293,0.14755649864673615,0.17099153995513916,0.21507005393505096,0.14224229753017426,0.19730311632156372,0.21507005393505096,0.21507005393505096,0.18453560769557953,0.0617511086165905,0.042971450835466385,0.06756752729415894,0.096279077231884,0.13595132529735565,0.12986834347248077,0.22498564422130585,0.18832510709762573,0.19887572526931763,0.1367587298154831,0.046215612441301346,0.053831350058317184,0.11230077594518661,0.22498564422130585,000
IMG_4042.jpg,0.1369316428899765,0.11799660325050354,0.12033363431692123,0.16187649965286255,0.2018476128578186,0.10152067244052887,0.11619849503040314,0.11977141350507736,0.10612502694129944,0.11810009181499481,0.1014484092593193,0.12060108035802841,0.13433681428432465,0.1602170169353485,0.16331160068511963,0.225595623254776,0.18191112577915192,0.16106730699539185,0.14794647693634033,0.1308758705854416,0.07836103439331055,0.2111389935016632,0.19366291165351868,0.2112303227186203,0.18512579798698425,0.1950656920671463,0.225595623254776,0.14052490890026093,0.1346922665834427,0.09025265276432037,0.22240756452083588,0.14484912157058716,0.225595623254776,0.225595623254776,0.225595623254776,0.225595623254776,0.08300542831420898,0.07039214670658112,0.10075338929891586,0.09970369935035706,0.1332494616508484,0.13096477091312408,0.21910469233989716,0.21910469233989716,0.1533433347940445,0.07611645758152008,0.05647922307252884,0.11849355697631836,0.18102407455444336,0.21910469233989716,000
IMG_4043.jpg,0.11460153013467789,0.05938205495476723,0.1926347315311432,0.16274721920490265,0.13006660342216492,0.12783183157444,0.09890236705541611,0.2182585746049881,0.15103866159915924,0.09846984595060349,0.09191211313009262,0.19185864925384521,0.1122434213757515,0.2040397673845291,0.2182585746049881,0.16114607453346252,0.2094222903251648,0.13901515305042267,0.16038788855075836,0.07798657566308975,0.13117671012878418,0.20284926891326904,0.17271830141544342,0.2182585746049881,0.12963838875293732,0.20120267570018768,0.2182585746049881,0.2182585746049881,0.11885277181863785,0.1153520867228508,0.18291713297367096,0.2182585746049881,0.2182585746049881,0.13481278717517853,0.12623141705989838,0.2182585746049881,0.12419917434453964,0.1057944968342781,0.09746859967708588,0.11780697852373123,0.16197927296161652,0.17046485841274261,0.2006281614303589,0.2020242065191269,0.15478746592998505,0.11165103316307068,0.11727002263069153,0.12327086180448532,0.18904435634613037,0.15149159729480743,001
IMG_4044.jpg,0.1778225600719452,0.1023457795381546,0.14998917281627655,0.17182308435440063,0.13276757299900055,0.14327213168144226,0.117269366979599,0.09470152854919434,0.09319064766168594,0.1328720897436142,0.11153607815504074,0.12074984610080719,0.12830840051174164,0.17276933789253235,0.19083353877067566,0.2232707291841507,0.2232707291841507,0.10696973651647568,0.1682109236717224,0.10984739661216736,0.10927016288042068,0.1311914175748825,0.1958542764186859,0.20683327317237854,0.14587944746017456,0.20040082931518555,0.2232707291841507,0.12905122339725494,0.14481930434703827,0.2232707291841507,0.156368225812912,0.14925403892993927,0.2232707291841507,0.2232707291841507,0.2232707291841507,0.2232707291841507,0.06419820338487625,0.0425880141556263,0.0662926733493805,0.07992923259735107,0.15839755535125732,0.14044810831546783,0.2158065289258957,0.2158065289258957,0.12860390543937683,0.08160118013620377,0.07054626941680908,0.11651381850242615,0.1655832976102829,0.2158065289258957,001
IMG_4045.jpg,0.2166464626789093,0.1633337438106537,0.1549290120601654,0.12383747100830078,0.19477500021457672,0.13852795958518982,0.11809901893138885,0.08202718198299408,0.16726452112197876,0.10498353093862534,0.15327487885951996,0.14306804537773132,0.0953916683793068,0.17567740380764008,0.22775346040725708,0.20005817711353302,0.14864511787891388,0.13192886114120483,0.19238784909248352,0.14698860049247742,0.10038972645998001,0.12573345005512238,0.158590629696846,0.2283896952867508,0.18558712303638458,0.1961086541414261,0.17404647171497345,0.11034220457077026,0.12536661326885223,0.1183691918849945,0.09904556721448898,0.1770605444908142,0.2283896952867508,0.2283896952867508,0.2283896952867508,0.21927660703659058,0.06887921690940857,0.08453773707151413,0.07028645277023315,0.10634487867355347,0.1316731870174408,0.2125777006149292,0.16938267648220062,0.21272683143615723,0.133697509765625,0.1127818301320076,0.12295544892549515,0.07797043025493622,0.14236007630825043,0.2262275665998459,001
IMG_4046.jpg,0.12551653385162354,0.1365196853876114,0.163664311170578,0.14489911496639252,0.2031060755252838,0.1666533648967743,0.08080229163169861,0.12772102653980255,0.15000444650650024,0.16302554309368134,0.16461066901683807,0.14705410599708557,0.0883403867483139,0.21513019502162933,0.1970146745443344,0.10912491381168365,0.12753276526927948,0.21513019502162933,0.1728336364030838,0.12152832746505737,0.1405358612537384,0.13791468739509583,0.15263760089874268,0.17631696164608002,0.21513019502162933,0.13029691576957703,0.21513019502162933,0.1948530524969101,0.17117513716220856,0.14488787949085236,0.13246320188045502,0.21513019502162933,0.21513019502162933,0.21513019502162933,0.14278250932693481,0.21513019502162933,0.12717624008655548,0.10792631655931473,0.09088972210884094,0.09028545767068863,0.17855773866176605,0.1399112492799759,0.16471242904663086,0.13438819348812103,0.2163936048746109,0.08814483880996704,0.1343325823545456,0.11577858775854111,0.1625613272190094,0.22525791823863983,001
IMG_4047.jpg,0.155788853764534,0.15863315761089325,0.18448029458522797,0.20165367424488068,0.173655167222023,0.13033132255077362,0.07777412980794907,0.10891645401716232,0.12458758056163788,0.1367167979478836,0.1850867122411728,0.11783448606729507,0.1956225484609604,0.16650286316871643,0.2000085860490799,0.1759943813085556,0.19403406977653503,0.09143846482038498,0.15523695945739746,0.12684231996536255,0.15854401886463165,0.15041892230510712,0.17754289507865906,0.14109517633914948,0.21359126269817352,0.18622705340385437,0.1592016965150833,0.16498972475528717,0.21359126269817352,0.21359126269817352,0.15969640016555786,0.13508200645446777,0.21359126269817352,0.21359126269817352,0.1677398681640625,0.12932810187339783,0.09355177730321884,0.1514042317867279,0.09580737352371216,0.07533451169729233,0.16617241501808167,0.180280402302742,0.22478674352169037,0.19685114920139313,0.10197658091783524,0.08727654069662094,0.08918266743421555,0.1679389476776123,0.16546666622161865,0.22478674352169037,001
IMG_4048.jpg,0.10927195847034454,0.11791019886732101,0.1249774843454361,0.1599636971950531,0.16378134489059448,0.10305315256118774,0.2159327119588852,0.1587756872177124,0.1085863783955574,0.11626619100570679,0.12143456190824509,0.16505245864391327,0.13301005959510803,0.2178645133972168,0.14725926518440247,0.20355316996574402,0.20854191482067108,0.15629073977470398,0.1529117226600647,0.08831112086772919,0.10850484669208527,0.15484388172626495,0.1909146010875702,0.19392763078212738,0.2178645133972168,0.2178645133972168,0.1270168423652649,0.14258773624897003,0.13801151514053345,0.09155375510454178,0.2178645133972168,0.2178645133972168,0.1710992306470871,0.1976245641708374,0.2178645133972168,0.2178645133972168,0.08811996132135391,0.06685271114110947,0.07850456237792969,0.09346014261245728,0.17008565366268158,0.17081913352012634,0.14307229220867157,0.2003239393234253,0.18287798762321472,0.08545414358377457,0.08228699862957001,0.13905522227287292,0.1953972727060318,0.21247370541095734,001
IMG_4049.jpg,0.14006483554840088,0.11317136883735657,0.0732327476143837,0.12344172596931458,0.1392807960510254,0.17737329006195068,0.2093469500541687,0.17068639397621155,0.2156434804201126,0.13291020691394806,0.13314734399318695,0.07542303949594498,0.18294230103492737,0.1610543429851532,0.2022586613893509,0.2005137950181961,0.1610938459634781,0.2156434804201126,0.20058466494083405,0.20305964350700378,0.08395682275295258,0.14652468264102936,0.1527308076620102,0.21199513971805573,0.20964685082435608,0.15037952363491058,0.1417168527841568,0.14198210835456848,0.14188139140605927,0.08119800686836243,0.19968588650226593,0.1221967339515686,0.2156434804201126,0.2156434804201126,0.19480042159557343,0.15131229162216187,0.16422942280769348,0.15225155651569366,0.13906610012054443,0.1942242532968521,0.11242275685071945,0.1379469782114029,0.13454504311084747,0.08971785753965378,0.12031032145023346,0.1623793989419937,0.21763306856155396,0.18946704268455505,0.2289268523454666,0.16147541999816895,001
IMG_4050.jpg,0.15203890204429626,0.07860293984413147,0.15295419096946716,0.1232404112815857,0.15612052381038666,0.16107384860515594,0.16460882127285004,0.15504328906536102,0.17621158063411713,0.12678679823875427,0.11401117593050003,0.151706263422966,0.18969564139842987,0.20739489793777466,0.1758526861667633,0.15909409523010254,0.15805089473724365,0.21463482081890106,0.15527407824993134,0.09986542910337448,0.15326108038425446,0.13553565740585327,0.15056361258029938,0.21463482081890106,0.12180868536233902,0.19194892048835754,0.20618033409118652,0.12541401386260986,0.058770474046468735,0.11723152548074722,0.1922687292098999,0.21463482081890106,0.21463482081890106,0.21463482081890106,0.21463482081890106,0.21463482081890106,0.1148376613855362,0.12575513124465942,0.1364414393901825,0.1330758035182953,0.16789549589157104,0.13708847761154175,0.1556445211172104,0.12755675613880157,0.1817876398563385,0.08747266232967377,0.08172681927680969,0.11251993477344513,0.11845094710588455,0.23031874001026154,001
IMG_4051.jpg,0.1879241168498993,0.12780867516994476,0.12438926845788956,0.09148918837308884,0.12207185477018356,0.21509642899036407,0.1745021641254425,0.1753411591053009,0.17502433061599731,0.14606954157352448,0.13515017926692963,0.10693157464265823,0.12876887619495392,0.1344289481639862,0.21509642899036407,0.2079191356897354,0.18534348905086517,0.2039632350206375,0.20953795313835144,0.15392516553401947,0.07637972384691238,0.10542376339435577,0.21509642899036407,0.1817791908979416,0.1654966026544571,0.15762585401535034,0.16941635310649872,0.21509642899036407,0.14866487681865692,0.06814341992139816,0.16736899316310883,0.21509642899036407,0.1879296898841858,0.21509642899036407,0.14376473426818848,0.15454523265361786,0.13174240291118622,0.1911599487066269,0.14217333495616913,0.18128642439842224,0.12539753317832947,0.14656691253185272,0.14563055336475372,0.10054609924554825,0.15716537833213806,0.18941880762577057,0.11360134929418564,0.16147886216640472,0.1982625275850296,0.16499842703342438,001
IMG_4052.jpg,0.12105033546686172,0.062229711562395096,0.05716730281710625,0.05875188484787941,0.1800355762243271,0.19131708145141602,0.20709840953350067,0.2253173589706421,0.2253173589706421,0.1274230033159256,0.12611651420593262,0.07800143957138062,0.13305805623531342,0.19304414093494415,0.18713034689426422,0.19806884229183197,0.2253173589706421,0.20009681582450867,0.17525064945220947,0.13220897316932678,0.10943622142076492,0.10367634892463684,0.2253173589706421,0.16575545072555542,0.1217220351099968,0.17442649602890015,0.2253173589706421,0.13138039410114288,0.14856624603271484,0.08965621888637543,0.11901362985372543,0.2253173589706421,0.2253173589706421,0.13848978281021118,0.20159456133842468,0.18096990883350372,0.15444886684417725,0.11383082717657089,0.07689997553825378,0.14614200592041016,0.2030418962240219,0.1440315693616867,0.19056834280490875,0.12323300540447235,0.18178991973400116,0.1697627753019333,0.08643773198127747,0.16700321435928345,0.1881406456232071,0.22466304898262024,001
IMG_4057.jpg,0.09745107591152191,0.0910949632525444,0.10126417130231857,0.12745873630046844,0.19681018590927124,0.19790665805339813,0.1687725931406021,0.13878896832466125,0.19378094375133514,0.19161458313465118,0.14753979444503784,0.14960600435733795,0.13665863871574402,0.21241894364356995,0.1427011340856552,0.16392837464809418,0.204642191529274,0.18878304958343506,0.19742199778556824,0.15446136891841888,0.1670832335948944,0.10565447062253952,0.1629875898361206,0.21241894364356995,0.13483630120754242,0.09126531332731247,0.1661970168352127,0.21241894364356995,0.14567413926124573,0.21241894364356995,0.16120654344558716,0.19957126677036285,0.21241894364356995,0.14771829545497894,0.11026176065206528,0.19197145104408264,0.15257304906845093,0.1219252273440361,0.0851537436246872,0.1158391535282135,0.1578218787908554,0.1401919722557068,0.17127852141857147,0.1851881742477417,0.17173416912555695,0.14048755168914795,0.21425418555736542,0.11445502936840057,0.2049551159143448,0.21425418555736542,010
IMG_4058.jpg,0.1396327167749405,0.12523393332958221,0.10921464115381241,0.11985071003437042,0.14860866963863373,0.11579139530658722,0.0886518582701683,0.16885942220687866,0.1288561075925827,0.20842109620571136,0.1343069225549698,0.1268877238035202,0.09296700358390808,0.17730429768562317,0.16433432698249817,0.15088346600532532,0.16936694085597992,0.21580155193805695,0.19081276655197144,0.17682313919067383,0.12908443808555603,0.1655183881521225,0.21294723451137543,0.21580155193805695,0.11463822424411774,0.1527245044708252,0.14756830036640167,0.21388496458530426,0.1710064858198166,0.19284453988075256,0.20822574198246002,0.21580155193805695,0.21580155193805695,0.16070902347564697,0.1491517871618271,0.21580155193805695,0.19434194266796112,0.13461045920848846,0.16413800418376923,0.07986507564783096,0.12394946813583374,0.186370387673378,0.14147791266441345,0.10206738859415054,0.1727568358182907,0.2137933075428009,0.2137933075428009,0.1828630119562149,0.19112847745418549,0.1243814080953598,010
IMG_4059.jpg,0.1938275843858719,0.11211498826742172,0.061382927000522614,0.12371791899204254,0.18743306398391724,0.18085536360740662,0.12811912596225739,0.1326090544462204,0.2125248908996582,0.11878263205289841,0.14198409020900726,0.1555052548646927,0.16064700484275818,0.15683959424495697,0.1440698355436325,0.1409558653831482,0.1572868674993515,0.17682558298110962,0.20241989195346832,0.16964758932590485,0.11592721939086914,0.14803628623485565,0.19461724162101746,0.19719401001930237,0.10453908145427704,0.13678021728992462,0.19629395008087158,0.19411078095436096,0.2125248908996582,0.2125248908996582,0.1990010142326355,0.2125248908996582,0.2125248908996582,0.13673284649848938,0.09241132438182831,0.20235420763492584,0.11397402733564377,0.11985467374324799,0.14278483390808105,0.16197249293327332,0.14124496281147003,0.10290214419364929,0.17204676568508148,0.13919168710708618,0.10728444159030914,0.1178102120757103,0.2180963009595871,0.2180963009595871,0.18858268857002258,0.15791428089141846,010
IMG_4060.jpg,0.1667478233575821,0.10900212824344635,0.10103806108236313,0.13336816430091858,0.19369642436504364,0.18743064999580383,0.11565996706485748,0.1394413262605667,0.17536002397537231,0.2053229659795761,0.20908895134925842,0.137053981423378,0.16535408794879913,0.15769769251346588,0.19369199872016907,0.1504148691892624,0.20908895134925842,0.1500939279794693,0.16084231436252594,0.10999388247728348,0.10963901877403259,0.1163858026266098,0.12794747948646545,0.19230853021144867,0.19706356525421143,0.1656428575515747,0.13497325778007507,0.1920531839132309,0.20908895134925842,0.15343016386032104,0.16708703339099884,0.1734761744737625,0.20908895134925842,0.20908895134925842,0.20908895134925842,0.12673495709896088,0.1568629890680313,0.1874523162841797,0.12751011550426483,0.15478497743606567,0.09717034548521042,0.12297514826059341,0.12968461215496063,0.18634164333343506,0.11022457480430603,0.19152657687664032,0.12683452665805817,0.1734917014837265,0.2017311006784439,0.13470745086669922,010
IMG_4061.jpg,0.1453072726726532,0.11604621261358261,0.07827921956777573,0.17278936505317688,0.07943578064441681,0.20676210522651672,0.21437625586986542,0.17679059505462646,0.14649491012096405,0.15349389612674713,0.09850917011499405,0.16073726117610931,0.17931394279003143,0.19469547271728516,0.18143174052238464,0.21437625586986542,0.14693611860275269,0.1292453557252884,0.21293477714061737,0.12859973311424255,0.06954977661371231,0.14322593808174133,0.1501106321811676,0.21437625586986542,0.1743069589138031,0.15443766117095947,0.14002452790737152,0.21437625586986542,0.13967569172382355,0.14358191192150116,0.21437625586986542,0.20077361166477203,0.21437625586986542,0.21437625586986542,0.13940845429897308,0.14131340384483337,0.15478730201721191,0.07418397068977356,0.12030169367790222,0.1304902732372284,0.1948210895061493,0.13037028908729553,0.2103203535079956,0.13556697964668274,0.13135744631290436,0.21862399578094482,0.1177385002374649,0.07364565134048462,0.17750805616378784,0.21862399578094482,010
IMG_4062.jpg,0.14808079600334167,0.13205061852931976,0.1253044307231903,0.130227729678154,0.13514669239521027,0.10711411386728287,0.1801697015762329,0.10389100015163422,0.17835448682308197,0.19561786949634552,0.2033967524766922,0.17253877222537994,0.08971322327852249,0.08140897750854492,0.14710469543933868,0.21863463521003723,0.183576300740242,0.1530788242816925,0.15940046310424805,0.21863463521003723,0.17358683049678802,0.13781479001045227,0.14843790233135223,0.12142836302518845,0.18393653631210327,0.09686563163995743,0.21863463521003723,0.21863463521003723,0.21863463521003723,0.19440892338752747,0.16905519366264343,0.15790346264839172,0.1835532933473587,0.19462333619594574,0.1377217322587967,0.20676545798778534,0.19767415523529053,0.166587695479393,0.12825517356395721,0.09124104678630829,0.13271751999855042,0.12749017775058746,0.15861694514751434,0.17035681009292603,0.14522352814674377,0.15511125326156616,0.21526391804218292,0.14603105187416077,0.16538500785827637,0.20381319522857666,010
IMG_4063.jpg,0.11492905020713806,0.12404271960258484,0.12775273621082306,0.08954622596502304,0.14492864906787872,0.1523619443178177,0.15383653342723846,0.212980255484581,0.212980255484581,0.13053911924362183,0.1528201699256897,0.11287354677915573,0.13354864716529846,0.20745670795440674,0.1771220862865448,0.16036933660507202,0.18154014647006989,0.212980255484581,0.14820778369903564,0.15741586685180664,0.21004536747932434,0.17364400625228882,0.11363330483436584,0.13027358055114746,0.14914558827877045,0.10904491692781448,0.11860281229019165,0.212980255484581,0.1971304565668106,0.20817555487155914,0.212980255484581,0.212980255484581,0.20560188591480255,0.19464445114135742,0.10611464828252792,0.1676742136478424,0.11646762490272522,0.08112956583499908,0.12109183520078659,0.13637007772922516,0.17578259110450745,0.13688568770885468,0.13989877700805664,0.1305706650018692,0.13367263972759247,0.13931182026863098,0.2023993730545044,0.21421381831169128,0.21643505990505219,0.21643505990505219,010
IMG_4064.jpg,0.166937455534935,0.08012526482343674,0.1117626279592514,0.08501609414815903,0.18048469722270966,0.14219465851783752,0.10081728547811508,0.10919810086488724,0.2179308384656906,0.20753158628940582,0.14081814885139465,0.2179308384656906,0.16551423072814941,0.12304160743951797,0.16110606491565704,0.1331218034029007,0.09912090003490448,0.1851712316274643,0.1932641565799713,0.16341255605220795,0.159299835562706,0.11939168721437454,0.20206479728221893,0.18676096200942993,0.1505558043718338,0.15754415094852448,0.17562784254550934,0.2179308384656906,0.18367314338684082,0.2179308384656906,0.2179308384656906,0.2179308384656906,0.17485088109970093,0.118043914437294,0.16333235800266266,0.16762475669384003,0.2009592205286026,0.12155165523290634,0.15206845104694366,0.11493951827287674,0.1477663367986679,0.17435872554779053,0.15629568696022034,0.07954121381044388,0.1091306209564209,0.15008887648582458,0.2163027971982956,0.21789239346981049,0.11538168042898178,0.18005739152431488,010
IMG_4065.jpg,0.08078695833683014,0.09578954428434372,0.11423922330141068,0.1317187249660492,0.13540984690189362,0.09645428508520126,0.22199462354183197,0.22199462354183197,0.12004542350769043,0.08291377872228622,0.12282120436429977,0.11571644991636276,0.10249112546443939,0.21964499354362488,0.13087283074855804,0.21103429794311523,0.2202311009168625,0.19122369587421417,0.1401592493057251,0.19689391553401947,0.11905059963464737,0.13123498857021332,0.15887968242168427,0.13342534005641937,0.22199462354183197,0.22199462354183197,0.14972223341464996,0.12794972956180573,0.17405161261558533,0.1295124739408493,0.1175696849822998,0.22199462354183197,0.22199462354183197,0.2049761414527893,0.22199462354183197,0.22199462354183197,0.1470339596271515,0.14092734456062317,0.15738551318645477,0.1083967313170433,0.16991806030273438,0.10439352691173553,0.0747750774025917,0.08077333867549896,0.1460142433643341,0.21479545533657074,0.1580314338207245,0.21479545533657074,0.21347375214099884,0.1575922816991806,010
IMG_4066.jpg,0.11219828575849533,0.09407626837491989,0.06849804520606995,0.09450481086969376,0.21395693719387054,0.20699931681156158,0.15542909502983093,0.177321195602417,0.20178882777690887,0.1494142711162567,0.1226634606719017,0.07577795535326004,0.05907975509762764,0.21395693719387054,0.1470831334590912,0.197382852435112,0.16162416338920593,0.13521814346313477,0.21395693719387054,0.15367445349693298,0.1505224108695984,0.21395693719387054,0.1592639684677124,0.20048022270202637,0.18376147747039795,0.15341967344284058,0.18958696722984314,0.15871445834636688,0.1349611133337021,0.1857491433620453,0.21395693719387054,0.21395693719387054,0.18118120729923248,0.17470771074295044,0.1678319126367569,0.1511906385421753,0.19034504890441895,0.18775025010108948,0.12182091176509857,0.06369273364543915,0.16513557732105255,0.0911252424120903,0.13336099684238434,0.14218081533908844,0.10265067219734192,0.22532199323177338,0.22532199323177338,0.22532199323177338,0.13578340411186218,0.1669871062040329,010
IMG_4067.jpg,0.16108950972557068,0.1513756811618805,0.15243999660015106,0.15125785768032074,0.2113216370344162,0.16459660232067108,0.08571600168943405,0.11107392609119415,0.1467391848564148,0.13119563460350037,0.11003141850233078,0.14998984336853027,0.11702611297369003,0.2113216370344162,0.19667208194732666,0.17700918018817902,0.1388346403837204,0.09947019815444946,0.15893132984638214,0.11385983973741531,0.11192575097084045,0.17393171787261963,0.2113216370344162,0.20749233663082123,0.0786093920469284,0.2036541998386383,0.16326472163200378,0.18822936713695526,0.15947221219539642,0.2113216370344162,0.2113216370344162,0.2113216370344162,0.18872298300266266,0.18280063569545746,0.2113216370344162,0.17043155431747437,0.0902370885014534,0.09125459939241409,0.1327415108680725,0.09219519793987274,0.14313896000385284,0.13952729105949402,0.18201373517513275,0.15695974230766296,0.14732928574085236,0.1728576123714447,0.09337352216243744,0.1258862465620041,0.20309783518314362,0.11595360189676285,011
IMG_4068.jpg,0.13771243393421173,0.10480672121047974,0.08561602234840393,0.07084907591342926,0.1644630879163742,0.1998448371887207,0.16390050947666168,0.1613011360168457,0.1171615719795227,0.20465457439422607,0.10671000182628632,0.17817750573158264,0.12850773334503174,0.19671210646629333,0.17717212438583374,0.15369382500648499,0.16608288884162903,0.1508985012769699,0.18612278997898102,0.12531264126300812,0.1993560492992401,0.15709763765335083,0.1294894516468048,0.17048639059066772,0.2189449518918991,0.18560513854026794,0.16641747951507568,0.2189449518918991,0.11548176407814026,0.2189449518918991,0.2189449518918991,0.12896285951137543,0.16187036037445068,0.1950373500585556,0.17263871431350708,0.19447356462478638,0.14484427869319916,0.09919010102748871,0.1526499092578888,0.13174177706241608,0.14541444182395935,0.12749814987182617,0.12361423671245575,0.1665477752685547,0.1743672639131546,0.11373217403888702,0.21536985039710999,0.21536985039710999,0.20948494970798492,0.15871350467205048,011
IMG_4069.jpg,0.1705458015203476,0.19890616834163666,0.2168000489473343,0.14533697068691254,0.16195620596408844,0.1008172556757927,0.1179080605506897,0.13088153302669525,0.10043957829475403,0.17376525700092316,0.13728177547454834,0.12016932666301727,0.1662166714668274,0.1594921499490738,0.11346355825662613,0.17812305688858032,0.16928280889987946,0.14392562210559845,0.19939939677715302,0.20081816613674164,0.1341259926557541,0.15475161373615265,0.13311930000782013,0.16166988015174866,0.2168000489473343,0.2099965512752533,0.15536564588546753,0.17084629833698273,0.2168000489473343,0.2168000489473343,0.2168000489473343,0.12714393436908722,0.10714665055274963,0.20964546501636505,0.1720731556415558,0.14317657053470612,0.09872784465551376,0.0750412791967392,0.09267190843820572,0.10190434753894806,0.109061598777771,0.14152446389198303,0.1844407618045807,0.16592153906822205,0.1384078711271286,0.18756555020809174,0.17176078259944916,0.21572616696357727,0.18670718371868134,0.13500753045082092,011
IMG_4070.jpg,0.2056078165769577,0.10100507736206055,0.0683189406991005,0.13552480936050415,0.14875951409339905,0.13882887363433838,0.16843391954898834,0.20988844335079193,0.12567956745624542,0.13326489925384521,0.13701176643371582,0.14304842054843903,0.12853705883026123,0.1507795751094818,0.12562277913093567,0.13117264211177826,0.16541530191898346,0.1672278642654419,0.2127871811389923,0.14395727217197418,0.11464342474937439,0.13173124194145203,0.21206067502498627,0.1893494576215744,0.19794407486915588,0.19415105879306793,0.1867581307888031,0.2127871811389923,0.18353919684886932,0.16684000194072723,0.10985300689935684,0.2127871811389923,0.17614829540252686,0.18486104905605316,0.21088390052318573,0.2127871811389923,0.1006876677274704,0.11176179349422455,0.1218990758061409,0.08472290635108948,0.18702293932437897,0.08381197601556778,0.12172966450452805,0.1644415259361267,0.1433407962322235,0.11902421712875366,0.2160595953464508,0.15936660766601562,0.14807632565498352,0.17274662852287292,011
IMG_4073.jpg,0.06428439915180206,0.08061161637306213,0.11515495926141739,0.11464826762676239,0.14591562747955322,0.13183355331420898,0.21804066002368927,0.1353704333305359,0.1960979849100113,0.10277047008275986,0.09516274183988571,0.11441598832607269,0.15687261521816254,0.21804066002368927,0.13710643351078033,0.1906835287809372,0.17470185458660126,0.19053439795970917,0.10414721071720123,0.1773543357849121,0.2104533165693283,0.21804066002368927,0.1979983150959015,0.09260185062885284,0.21516753733158112,0.15462371706962585,0.1920730471611023,0.12634330987930298,0.21804066002368927,0.21804066002368927,0.21804066002368927,0.21257010102272034,0.08626576513051987,0.19568082690238953,0.16822873055934906,0.15534940361976624,0.13501501083374023,0.08471640199422836,0.05508402734994888,0.11032379418611526,0.2080351859331131,0.1624152958393097,0.16443540155887604,0.17320415377616882,0.137984037399292,0.18742477893829346,0.21378663182258606,0.11991216987371445,0.18916930258274078,0.2087438851594925,011
IMG_4074.jpg,0.17563508450984955,0.10775665193796158,0.12218713760375977,0.1919267326593399,0.17991477251052856,0.10069885849952698,0.15001963078975677,0.15572306513786316,0.12904895842075348,0.17238573729991913,0.08983353525400162,0.1259680986404419,0.1706566959619522,0.20146457850933075,0.10246458649635315,0.2057434469461441,0.21510450541973114,0.13958081603050232,0.21510450541973114,0.10821671783924103,0.16944129765033722,0.18063582479953766,0.18759644031524658,0.11392238736152649,0.1752718687057495,0.17695921659469604,0.1274118274450302,0.21510450541973114,0.1231086477637291,0.21510450541973114,0.15814276039600372,0.21510450541973114,0.1373176872730255,0.20876644551753998,0.21510450541973114,0.14937876164913177,0.14160914719104767,0.0908287838101387,0.07928719371557236,0.0947800800204277,0.09709417074918747,0.09110381454229355,0.21453647315502167,0.21453647315502167,0.10040315240621567,0.21453647315502167,0.17221467196941376,0.12402801215648651,0.1754087656736374,0.08015422523021698,011
IMG_4075.jpg,0.11680711805820465,0.13807213306427002,0.12853677570819855,0.07830902189016342,0.1592320203781128,0.19807666540145874,0.12150081247091293,0.1250467747449875,0.15444761514663696,0.14700905978679657,0.12426333874464035,0.13452695310115814,0.08723916113376617,0.2027861773967743,0.15152783691883087,0.17990946769714355,0.17107655107975006,0.18091891705989838,0.2234961837530136,0.16865696012973785,0.18456491827964783,0.09397512674331665,0.2234961837530136,0.2234961837530136,0.1249396875500679,0.14395610988140106,0.16530434787273407,0.2234961837530136,0.18093430995941162,0.2234961837530136,0.15471963584423065,0.2234961837530136,0.19910328090190887,0.12039528042078018,0.17859482765197754,0.1579252928495407,0.13812988996505737,0.1299731731414795,0.07885989546775818,0.09312298148870468,0.1438910812139511,0.1072186678647995,0.1809147149324417,0.13828331232070923,0.16631463170051575,0.15144319832324982,0.20858624577522278,0.15320806205272675,0.18648356199264526,0.1687830537557602,011
IMG_4076.jpg,0.21580834686756134,0.12558145821094513,0.13904628157615662,0.06909739226102829,0.14731040596961975,0.16483189165592194,0.17383438348770142,0.1315668225288391,0.11499933898448944,0.21580834686756134,0.13713112473487854,0.14486852288246155,0.03923957049846649,0.21580834686756134,0.1850183606147766,0.1601751744747162,0.10468674451112747,0.2130356878042221,0.18182015419006348,0.17387807369232178,0.15540586411952972,0.10173660516738892,0.14997243881225586,0.19827142357826233,0.19038322567939758,0.13548901677131653,0.1577029973268509,0.21580834686756134,0.21580834686756134,0.20853547751903534,0.12259713560342789,0.17886392772197723,0.21097129583358765,0.21580834686756134,0.11324512958526611,0.15628820657730103,0.1324792504310608,0.1034141331911087,0.11952777951955795,0.04390711709856987,0.17681726813316345,0.15204699337482452,0.12687499821186066,0.18453653156757355,0.18038208782672882,0.12387438863515854,0.215202197432518,0.20048518478870392,0.0808229148387909,0.19150055944919586,011
IMG_4077.jpg,0.20678219199180603,0.159645214676857,0.06167615205049515,0.10678284615278244,0.16037026047706604,0.16411550343036652,0.14213518798351288,0.15124748647212982,0.15510858595371246,0.21574974060058594,0.13241232931613922,0.10450819134712219,0.06673415750265121,0.18002748489379883,0.1706177294254303,0.1786043345928192,0.16996219754219055,0.211684450507164,0.19111871719360352,0.2054409384727478,0.12785477936267853,0.1327832192182541,0.18385979533195496,0.16645093262195587,0.21574974060058594,0.15266045928001404,0.14402610063552856,0.17372319102287292,0.15146389603614807,0.12685613334178925,0.1173853725194931,0.20446264743804932,0.21574974060058594,0.21574974060058594,0.19317865371704102,0.1673297882080078,0.1539006382226944,0.13136789202690125,0.13288149237632751,0.08999003469944,0.15282151103019714,0.15300236642360687,0.14319050312042236,0.1639237105846405,0.15179412066936493,0.20565831661224365,0.12672384083271027,0.12489493191242218,0.18370570242404938,0.18955649435520172,011
IMG_4078.jpg,0.12213398516178131,0.17877578735351562,0.1256832480430603,0.12107037752866745,0.13301357626914978,0.11252915114164352,0.20518182218074799,0.12349040806293488,0.20550517737865448,0.18831385672092438,0.08838821202516556,0.1169443130493164,0.10004957765340805,0.12952758371829987,0.0936296135187149,0.2164537012577057,0.2164537012577057,0.15557578206062317,0.2164537012577057,0.2126832753419876,0.08755896985530853,0.10981737822294235,0.2164537012577057,0.15623603761196136,0.21199727058410645,0.13021130859851837,0.18823042511940002,0.2164537012577057,0.1212049201130867,0.16457800567150116,0.1060774102807045,0.2164537012577057,0.1116609200835228,0.2164537012577057,0.2164537012577057,0.21643905341625214,0.18467101454734802,0.09371999651193619,0.09762630611658096,0.10190261155366898,0.1461346447467804,0.0826253667473793,0.17218266427516937,0.2168838232755661,0.14507412910461426,0.2168838232755661,0.17806653678417206,0.09168973565101624,0.14815369248390198,0.2168838232755661,011
IMG_4079.jpg,0.08251776546239853,0.13307072222232819,0.19251646101474762,0.08264771848917007,0.13497117161750793,0.16671764850616455,0.13250868022441864,0.21399107575416565,0.15392829477787018,0.11705932021141052,0.11512643098831177,0.19422250986099243,0.1766297072172165,0.1641148030757904,0.2002720683813095,0.1528421938419342,0.1412142515182495,0.16309408843517303,0.0631539523601532,0.12640151381492615,0.21536512672901154,0.14886415004730225,0.21536512672901154,0.21536512672901154,0.149254709482193,0.18824338912963867,0.16475175321102142,0.1111922636628151,0.10936333239078522,0.186860591173172,0.21536512672901154,0.21536512672901154,0.21536512672901154,0.21481254696846008,0.18987295031547546,0.12979543209075928,0.1542549878358841,0.10108329355716705,0.1550247222185135,0.18518109619617462,0.21855761110782623,0.186407670378685,0.09660216420888901,0.0762636661529541,0.12154287844896317,0.19038410484790802,0.12386387586593628,0.17663998901844025,0.19380950927734375,0.21879498660564423,100
IMG_4080.jpg,0.05533015355467796,0.20029807090759277,0.1875448077917099,0.11380262672901154,0.16725294291973114,0.13261264562606812,0.12043938040733337,0.18048374354839325,0.10026189684867859,0.1457970291376114,0.16702261567115784,0.1543915867805481,0.20718689262866974,0.12655934691429138,0.16210323572158813,0.12455588579177856,0.15136195719242096,0.08137974888086319,0.08283942937850952,0.15181201696395874,0.1406046599149704,0.1804741472005844,0.18673333525657654,0.21641643345355988,0.21641643345355988,0.20639045536518097,0.16024374961853027,0.1415136158466339,0.21641643345355988,0.19061864912509918,0.21641643345355988,0.1786590814590454,0.21641643345355988,0.21641643345355988,0.18786655366420746,0.10293912142515182,0.2105318307876587,0.11236578226089478,0.13252924382686615,0.223805233836174,0.11223668605089188,0.13300880789756775,0.10082540661096573,0.09528828412294388,0.12481629103422165,0.21293838322162628,0.19614501297473907,0.223805233836174,0.20907635986804962,0.15034900605678558,100
IMG_4081.jpg,0.12688890099525452,0.08093474060297012,0.1641474962234497,0.22064514458179474,0.07245245575904846,0.150926411151886,0.13465894758701324,0.1113763377070427,0.1980820894241333,0.1252327561378479,0.06974548101425171,0.22064514458179474,0.20609474182128906,0.1741248071193695,0.18105486035346985,0.1314641237258911,0.11647172272205353,0.21420922875404358,0.14476290345191956,0.20848751068115234,0.22064514458179474,0.14126338064670563,0.16709142923355103,0.12370417267084122,0.1541551798582077,0.09385716915130615,0.13719044625759125,0.21449707448482513,0.19503797590732574,0.22064514458179474,0.18301887810230255,0.18821388483047485,0.1437959522008896,0.18146853148937225,0.13618333637714386,0.22064514458179474,0.05859411135315895,0.1315879225730896,0.2223162204027176,0.1632058322429657,0.16391953825950623,0.12584993243217468,0.06535428762435913,0.17563387751579285,0.15261174738407135,0.15581566095352173,0.19911539554595947,0.18681970238685608,0.21268634498119354,0.21464310586452484,100
IMG_4082.jpg,0.17129872739315033,0.12986873090267181,0.12195463478565216,0.13202017545700073,0.19159986078739166,0.1485583484172821,0.14082856476306915,0.10364849120378494,0.15643492341041565,0.13976602256298065,0.09076320379972458,0.19080311059951782,0.17082570493221283,0.21778707206249237,0.09712963551282883,0.12248765677213669,0.10534954071044922,0.15157271921634674,0.1615694910287857,0.21778707206249237,0.21204380691051483,0.15508726239204407,0.21778707206249237,0.16795659065246582,0.1704493910074234,0.11191900819540024,0.15836471319198608,0.16613371670246124,0.2030738890171051,0.21778707206249237,0.1905861794948578,0.21778707206249237,0.18186943233013153,0.17815275490283966,0.1797705739736557,0.15548746287822723,0.12756037712097168,0.10477912425994873,0.15424422919750214,0.14259842038154602,0.1785341054201126,0.08709388971328735,0.10580479353666306,0.13237951695919037,0.11244166642427444,0.15943704545497894,0.17003726959228516,0.16179586946964264,0.1500486582517624,0.22308512032032013,100
IMG_4084.jpg,0.13687600195407867,0.12446590512990952,0.1628914177417755,0.16007140278816223,0.1792144775390625,0.11027298122644424,0.11233705282211304,0.11482970416545868,0.1345958560705185,0.1265634298324585,0.15573258697986603,0.16125966608524323,0.1826058328151703,0.21805110573768616,0.15573374927043915,0.14554765820503235,0.07881111651659012,0.11174945533275604,0.1484624445438385,0.19391223788261414,0.21805110573768616,0.21805110573768616,0.1937149465084076,0.132961243391037,0.1286739706993103,0.1204172670841217,0.16272924840450287,0.17837288975715637,0.21805110573768616,0.21805110573768616,0.1931247115135193,0.21805110573768616,0.21805110573768616,0.1877126693725586,0.10863935947418213,0.19524158537387848,0.14278976619243622,0.12814535200595856,0.12101470679044724,0.11654575914144516,0.2305145412683487,0.11152917146682739,0.12222515046596527,0.07114128023386002,0.11944378167390823,0.15282857418060303,0.2201998382806778,0.20399953424930573,0.16665001213550568,0.23214617371559143,100
IMG_4085.jpg,0.06552103906869888,0.13033351302146912,0.10582084208726883,0.11684340238571167,0.21406826376914978,0.10891765356063843,0.13113819062709808,0.21507583558559418,0.12518180906772614,0.10479257255792618,0.12109343707561493,0.09880511462688446,0.13639941811561584,0.21507583558559418,0.1583007425069809,0.11621122807264328,0.21507583558559418,0.1730128973722458,0.1101064532995224,0.1758539080619812,0.19048631191253662,0.18781796097755432,0.21507583558559418,0.12411931157112122,0.14781050384044647,0.18924370408058167,0.1671345829963684,0.17528094351291656,0.20644432306289673,0.19334012269973755,0.20088693499565125,0.21507583558559418,0.20009753108024597,0.17249679565429688,0.21507583558559418,0.1569274514913559,0.13232390582561493,0.09479139745235443,0.06672497093677521,0.13161733746528625,0.17986181378364563,0.1730974316596985,0.1119353175163269,0.16268885135650635,0.14478719234466553,0.17812658846378326,0.09150532633066177,0.040056705474853516,0.16005732119083405,0.21583397686481476,100
IMG_4086.jpg,0.09321703761816025,0.1680353730916977,0.1569685935974121,0.1270626336336136,0.13476121425628662,0.15335717797279358,0.21638844907283783,0.11120669543743134,0.10041429847478867,0.12113625556230545,0.21638844907283783,0.21638844907283783,0.21212609112262726,0.20387935638427734,0.16175581514835358,0.20002372562885284,0.10352626442909241,0.12363894283771515,0.12897054851055145,0.13500584661960602,0.13241392374038696,0.10639002919197083,0.1679038256406784,0.14444682002067566,0.21021191775798798,0.1761506050825119,0.1546173095703125,0.21638844907283783,0.21638844907283783,0.16912436485290527,0.1853560358285904,0.21638844907283783,0.11906594783067703,0.16589872539043427,0.13513676822185516,0.21638844907283783,0.07489936053752899,0.22139982879161835,0.16995063424110413,0.17789708077907562,0.19285069406032562,0.15852105617523193,0.14271233975887299,0.12046564370393753,0.1180027648806572,0.09801185131072998,0.15869924426078796,0.15581409633159637,0.10263260453939438,0.1752113401889801,100
IMG_4087.jpg,0.1722838580608368,0.14858296513557434,0.09215729683637619,0.1056584045290947,0.12444495409727097,0.21307075023651123,0.14291216433048248,0.16624531149864197,0.1380138397216797,0.1718822717666626,0.22680076956748962,0.20098775625228882,0.10046113282442093,0.190349742770195,0.1920110136270523,0.1859525591135025,0.18804621696472168,0.1498635709285736,0.16735590994358063,0.22918784618377686,0.15604020655155182,0.1168651431798935,0.06449181586503983,0.1367761343717575,0.16488437354564667,0.12273363023996353,0.18009454011917114,0.22918784618377686,0.22918784618377686,0.22918784618377686,0.14561790227890015,0.09010963141918182,0.13642804324626923,0.12185660749673843,0.11109378933906555,0.22918784618377686,0.12666377425193787,0.2193022519350052,0.1291385442018509,0.10092147439718246,0.1697537899017334,0.14781202375888824,0.15191404521465302,0.12265069037675858,0.1562875360250473,0.12579579651355743,0.12388086318969727,0.10713125765323639,0.13498073816299438,0.22071023285388947,100
IMG_4088.jpg,0.1381872296333313,0.169566348195076,0.1997804492712021,0.08765489608049393,0.10218039155006409,0.10939295589923859,0.2238185852766037,0.1363544911146164,0.11832036077976227,0.15683194994926453,0.1753017157316208,0.20468364655971527,0.17986664175987244,0.15816064178943634,0.16014276444911957,0.2238185852766037,0.20975962281227112,0.19617223739624023,0.12312758713960648,0.22217553853988647,0.2238185852766037,0.1333501935005188,0.10303869843482971,0.0735241025686264,0.12276624888181686,0.07114794105291367,0.10848041623830795,0.21464116871356964,0.2238185852766037,0.2238185852766037,0.20251736044883728,0.17761188745498657,0.0890612080693245,0.13470718264579773,0.10436642169952393,0.21976886689662933,0.19651301205158234,0.11796247214078903,0.16454631090164185,0.20675921440124512,0.13023339211940765,0.14062952995300293,0.12030105292797089,0.16843031346797943,0.15265433490276337,0.211822971701622,0.11984609067440033,0.16535525023937225,0.16711390018463135,0.15466055274009705,100
IMG_4089.jpg,0.16146522760391235,0.16083723306655884,0.10524354130029678,0.12434174120426178,0.18464349210262299,0.1397814005613327,0.11133429408073425,0.16095900535583496,0.11877793818712234,0.1351873129606247,0.20876681804656982,0.12071610242128372,0.18554989993572235,0.21758396923542023,0.14650139212608337,0.2091253399848938,0.21758396923542023,0.21581217646598816,0.13672904670238495,0.17729885876178741,0.12392421811819077,0.10081301629543304,0.1371372640132904,0.13267938792705536,0.1467595398426056,0.15644507110118866,0.11247454583644867,0.12666796147823334,0.21758396923542023,0.21758396923542023,0.13504695892333984,0.18493758141994476,0.14165210723876953,0.21758396923542023,0.21758396923542023,0.21758396923542023,0.10479617863893509,0.21455292403697968,0.10259702056646347,0.15345600247383118,0.21594536304473877,0.12224840372800827,0.13611382246017456,0.12098503857851028,0.12499561160802841,0.09882276505231857,0.21378710865974426,0.15355832874774933,0.1707206517457962,0.19310851395130157,100
